"","songid","song"
"1",1,"waiting room"
"2",2,"reclamation"
"3",3,"blueprint"
"4",4,"long division"
"5",5,"merchandise"
"6",6,"margin walker"
"7",7,"sieve-fisted find"
"8",8,"repeater"
"9",9,"turnover"
"10",10,"promises"
"11",11,"and the same"
"12",12,"two beats off"
"13",13,"give me the cure"
"14",14,"rend it"
"15",15,"suggestion"
"16",16,"shut the door"
"17",17,"song #1"
"18",18,"bed for the scraping"
"19",19,"facet squared"
"20",20,"styrofoam"
"21",21,"bad mouth"
"22",22,"exit only"
"23",23,"reprovisional"
"24",24,"do you like me"
"25",25,"instrument"
"26",26,"great cop"
"27",27,"runaway return"
"28",28,"public witness program"
"29",29,"target"
"30",30,"smallpox champion"
"31",31,"sweet and low"
"32",32,"by you"
"33",33,"bulldog front"
"34",34,"burning"
"35",35,"burning too"
"36",36,"forensic scene"
"37",37,"birthday pony"
"38",38,"greed"
"39",39,"latin roots"
"40",40,"kyeo"
"41",41,"cassavetes"
"42",42,"break"
"43",43,"lockdown"
"44",44,"closed captioned"
"45",45,"brendan #1"
"46",46,"arpeggiator"
"47",47,"stacks"
"48",48,"dear justice letter"
"49",49,"recap modotti"
"50",50,"walken's syndrome"
"51",51,"last chance for a slow dance"
"52",52,"back to base"
"53",53,"break-in"
"54",54,"fell, destroyed"
"55",55,"returning the screw"
"56",56,"place position"
"57",57,"glueman"
"58",58,"joe #1"
"59",59,"fd"
"60",60,"nice new outfit"
"61",61,"long distance runner"
"62",62,"downed city"
"63",63,"five corporations"
"64",64,"number 5"
"65",65,"floating boy"
"66",66,"furniture"
"67",67,"no surprise"
"68",68,"oh"
"69",69,"pink frosty"
"70",70,"argument"
"71",71,"cashout"
"72",72,"caustic acrostic"
"73",73,"ex-spectator"
"74",74,"steady diet"
"75",75,"nightshop"
"76",76,"latest disgrace"
"77",77,"the kill"
"78",78,"version"
"79",79,"foreman's dog"
"80",80,"guilford fall"
"81",81,"the word"
"82",82,"epic problem"
"83",83,"23 beats off"
"84",84,"in defense of humans"
"85",85,"full disclosure"
"86",86,"combination lock"
"87",87,"life and limb"
"88",88,"strangelight"
"89",89,"turn off your guns"
"90",90,"provisional"
"91",91,"polish"
"92",92,"hello morning"
