name,name_corrected
23 beats off,23 beats off
and the same,and the same
and the same drum and bass jam,and the same
and the same instrumental,and the same
argument,argument
arpeggiator,arpeggiator
arpeggiator (incomplete),arpeggiator
back to base,back to base
bad mouth,bad mouth
bed for scraping,bed for the scraping
bed for the scarping,bed for the scraping
bed for the scraping,bed for the scraping
bed for the scraping (continued),bed for the scraping
birthday party,birthday pony
birthday pony,birthday pony
blueprint,blueprint
break,break
break (incomplete),break
break in,break-in
break instrumental,break
break-in,break-in
brendan #1,brendan #1
bulldog front,bulldog front
burning,burning
burning too,burning too
by now,by you
by you,by you
by you instrumental,by you
cashout,cashout
cassavetes,cassavetes
cassavetes instrumental,cassavetes
caustic acrostic,caustic acrostic
closed caption,closed captioned
closed captioned,closed captioned
closed captioned instrumental,closed captioned
combination lock,combination lock
crowd,crowd
dance rap,dance rap
dear justice letter,dear justice letter
do you like,do you like me
do you like me,do you like me
do you like me (incomplete),do you like me
down city,downed city
downed city,downed city
encore,encore
encore - comedy of life,encore - comedy of life
encore 1,encore 1
encore 2,encore 2
encore 3,encore 3
encore 4,encore 4
epic problem,epic problem
exit only,exit only
ex-spectator,ex-spectator
ex-spectator instrumental,ex-spectator
f_d,fd
facet squard,facet squared
facet squared,facet squared
facet squared instrumental,facet squared
fd,fd
fell destroyed,"fell, destroyed"
"fell, destroyed","fell, destroyed"
"fell, destroyed instrumental","fell, destroyed"
five corporations,five corporations
floating boy,floating boy
floating boy instrumental,floating boy
foreman's dog,foreman's dog
forensic scene,forensic scene
forman's dog,foreman's dog
full disclosure,full disclosure
furniture,furniture
give me the cure,give me the cure
glue man,glueman
glueman,glueman
great cop,great cop
great cop instrumental,great cop
greed,greed
guilford fall,guilford fall
guilford fall instrumental,guilford fall
guilford falls,guilford fall
heart on my chest,heart on my chest
hello morning,hello morning
ice cream eating motherfucker,ice cream eating motherfucker
in defense of humans,in defense of humans
in the defense of humans,in defense of humans
instrument,instrument
instrument (incomplete),instrument
instrumental,instrumental
instrumental interlude,instrumental interlude
interlude,interlude
interlude 1,interlude 1
interlude 10,interlude 10
interlude 11,interlude 11
interlude 2,interlude 2
interlude 3,interlude 3
interlude 4,interlude 4
interlude 5,interlude 5
interlude 6,interlude 6
interlude 7,interlude 7
interlude 8,interlude 8
interlude 9,interlude 9
interude 3,interlude 3
intro,intro
introduction,intro
joe #1,joe #1
joe number 1,joe #1
kyeo,kyeo
last chance for a slow dance,last chance for a slow dance
last chance for a slowdance,last chance for a slow dance
latest disgrace,latest disgrace
latest disgrace (incomplete),latest disgrace
latin roots,latin roots
latin roots acapella,latin roots
life and limb,life and limb
link track,link track
lock down,lockdown
lock dug,lock dug
lockdown,lockdown
lockdown instrumental,lockdown
locked down,lockdown
lomg division,long division
long distance runner,long distance runner
long division,long division
long division instrumental,long division
long divison,long division
long divsion,long division
long dvision,long division
margin walker,margin walker
merchandise,merchandise
nedcars,nedcars
nice new outfit,nice new outfit
nightshop,nightshop
no suprise,no surprise
no surprise,no surprise
no surprises,no surprise
noisy dub,noisy dub
nsa,nsa
number 5,number 5
number five,number 5
oh,oh
oh (early version),oh
opening remarks,opening remarks
outro,outro
outside the gig!,outside the gig!
pink frosty,pink frosty
pink frosty instru-01,pink frosty
pink frosty instrumental,pink frosty
place position,place position
placed position,place position
polish,polish
preprovisional,preprovisional
promises,promises
promises bit soundcheck,promises
promises coda instrumental,promises
provisional,provisional
provisional medley,provisional
pubic witness program,public witness program
public witness program,public witness program
recap modott,recap modotti
recap modotti,recap modotti
reclamation,reclamation
reclamation (continued),reclamation
reclamation instrumental,reclamation
reclamations,reclamation
remarks,remarks
rend it,rend it
repeater,repeater
repeater (incomplete),repeater
reprovisional,reprovisional
reprovisonal,reprovisional
returing the screw,returning the screw
returning the screw,returning the screw
runaway return,runaway return
runaway return-01,runaway return
runway return,runaway return
set the charges,set the charges
she is blind,she is blind
shut the door,shut the door
sieve-fisted,sieve-fisted find
sieve-fisted find,sieve-fisted find
sleve fisted find,sieve-fisted find
small pox champion,smallpox champion
smallpox champion,smallpox champion
song #1,song #1
soundcheck,soundcheck
stacks,stacks
steady diet,steady diet
strangelight,strangelight
styrofoam,styrofoam
suggestion,suggestion
suggestion instrumental,suggestion
surf tune 1,surf tune 1
surf tune 2,surf tune 2
surf tune 3,surf tune 3
sweet  and low,sweet and low
sweet and low,sweet and low
target,target
target (incomplete),target
the argument,argument
the kill,the kill
the word,the word
turn off your guns,turn off your guns
turnover,turnover
two beats off,two beats off
two beats off instrumental,two beats off
unknown instrumental,unknown instrumental
untitled #1,untitled #1
untitled #2,untitled #2
version,version
waiting room,waiting room
walken's syndrome,walken's syndrome
witness protection program,public witness program
word,the word
world beat,world beat
