"gid","fls_id","sound_quality"
"washington-dc-usa-90387","FLS0001","Good"
"washington-dc-usa-92687","FLS0002","Very Good"
"richmond-va-usa-100787","FLS0004","Very Good"
"washington-dc-usa-101687","FLS0005","Good"
"frederick-md-usa-112587","FLS0006","Good"
"washington-dc-usa-120387","FLS0008","Good"
"norwalk-ct-usa-120587","FLS0010","Good"
"washington-dc-usa-122887","FLS0011","Very Good"
"flint-mi-usa-12188","FLS0012","Poor"
"ypsilanti-mi-eastern-michigan-university-12288","FLS1046","Poor"
"annapolis-md-usa-20688","FLS0013","Good"
"merrifield-va-usa-22088","FLS0014","Poor"
"washington-dc-usa-30388","FLS0015","Very Good"
"washington-dc-usa-33088","FLS0017","Good"
"boston-ma-usa-41688","FLS0020","Good"
"providence-ri-usa-41788","FLS0021","Good"
"bozeman-mt-usa-51288","FLS0028","Poor"
"spokane-wa-usa-51388","FLS0029","Good"
"olympia-wa-usa-51688","FLS0031","Good"
"berkeley-ca-usa-52088","FLS0032","Good"
"long-beach-ca-usa-52188","FLS0034","Poor"
"pomona-ca-usa-52288","FLS0033","Good"
"tucson-az-usa-52488","FLS0035","Poor"
"college-station-tx-usa-52688","FLS0036","Poor"
"washington-dc-usa-61588","FLS0043","Good"
"hoboken-nj-usa-63088","FLS0044","Good"
"washington-dc-usa-71888","FLS0047","Poor"
"washington-dc-usa-80188","FLS0049","Good"
"philadelphia-pa-usa-80788","FLS0050","Poor"
"rotterdam-netherlands-101488","FLS0053","Poor"
"hoorn-netherlands-101588","FLS0054","Good"
"gent-belgium-101688","FLS0055","Poor"
"amsterdam-netherlands-101688","FLS0056","Good"
"bielefeld-germany-103188","FLS0065","Poor"
"augsburg-germany-110588","FLS0070","Excellent"
"linz-austria-111088","FLS0073","Good"
"udine-italy-111488","FLS0075","Good"
"rome-italy-111788","FLS0077","Good"
"torino-italy-112088","FLS0080","Good"
"london-england-112488","FLS0082","Poor"
"dublin-ireland-112988","FLS0086","Poor"
"leeds-england-113088","FLS0087","Very Good"
"wigan-england-120188","FLS0088","Good"
"canterbury-england-120288","FLS0089","Good"
"london-england-120588","FLS0090","Good"
"washington-dc-usa-122988","FLS0092","Good"
"washington-dc-usa-32489","FLS0095","Poor"
"new-york-ny-usa-40589","FLS0096","Good"
"princeton-nj-usa-40689","FLS0097","Poor"
"norwalk-ct-usa-40789","FLS0098","Good"
"middletown-ct-usa-40889","FLS0099","Good"
"hoboken-nj-usa-40989","FLS0100","Good"
"chapel-hill-nc-usa-50189","FLS0103","Poor"
"athens-ga-usa-50389","FLS0105","Good"
"fortworth-tx-usa-51189","FLS0109","Good"
"phoenix-az-usa-51689","FLS0112","Good"
"los-angeles-ca-usa-51889","FLS0113","Good"
"berkeley-ca-usa-52089","FLS0114","Poor"
"st-louis-mo-usa-60589","FLS0121","Good"
"pittsburgh-pa-usa-61689","FLS0130","Good"
"washington-dc-usa-62289","FLS0131","Poor"
"washington-dc-usa-72089","FLS0133","Poor"
"washington-dc-usa-92289","FLS0135","Good"
"guelph-on-canada-93089","FLS0141","Good"
"hoboken-nj-usa-100889","FLS0148","Good"
"new-york-ny-usa-100989","FLS0149","Good"
"amsterdam-netherlands-110389","FLS0151","Good"
"canterbury-england-111389","FLS0153","Good"
"brighton-england-111489","FLS0154","Poor"
"exeter-england-111689","FLS0156","Poor"
"leeds-england-112089","FLS0158","Good"
"bristol-england-112289","FLS0160","Good"
"belfast-northern-ireland-112489","FLS0162","Poor"
"liverpool-england-112589","FLS0163","Good"
"newcastle-england-112689","FLS0164","Good"
"glasgow-scotland-112789","FLS0165","Poor"
"manchester-england-112889","FLS0166","Very Good"
"london-england-112989","FLS0167","Very Good"
"heidelberg-germany-120489","FLS0170","Good"
"eindhoven-netherlands-120889","FLS0174","Good"
"amsterdam-netherlands-120989","FLS0175","Good"
"baltimore-md-usa-21190","FLS0178","Good"
"frederick-md-usa-21690","FLS0179","Good"
"virginia-beach-va-usa-31090","FLS0182","Very Good"
"harrisonburg-va-usa-31190","FLS0183","Good"
"greensboro-nc-usa-31290","FLS0184","Good"
"florence-sc-usa-31390","FLS0185","Good"
"athens-ga-usa-31490","FLS0186","Very Good"
"gainesville-fl-usa-31690","FLS0188","Very Good"
"orlando-fl-usa-31790","FLS0189","Good"
"pensacola-fl-usa-31990","FLS0190","Very Good"
"new-orleans-la-usa-32190","FLS0192","Good"
"nashville-tn-usa-32390","FLS0193","Good"
"knoxville-tn-usa-32490","FLS0194","Good"
"chapel-hill-nc-usa-32590","FLS0195","Very Good"
"poughkeepsie-ny-usa-41390","FLS0196","Good"
"northampton-ma-usa-41490","FLS0197","Very Good"
"boston-ma-usa-42090","FLS0198","Good"
"providence-ri-usa-42190","FLS0199","Good"
"columbia-md-usa-42790","FLS0200","Good"
"memphis-tn-usa-50290","FLS0201","Very Good"
"little-rock-ar-usa-50390","FLS0202","Very Good"
"dallas-tx-usa-50490","FLS0203","Very Good"
"austin-tx-usa-50590","FLS0204","Very Good"
"houston-tx-usa-50690","FLS0205","Good"
"san-antonio-tx-usa-50790","FLS0206","Very Good"
"tucson-az-usa-51190","FLS0207","Good"
"phoenix-az-usa-51290","FLS0208","Good"
"encinitas-ca-usa-51590","FLS0209","Poor"
"reseda-ca-usa-51690","FLS0210","Very Good"
"reseda-ca-usa-51790","FLS0211","Very Good"
"isla-vista-ca-usa-51890","FLS0212","Very Good"
"san-francisco-ca-usa-51990","FLS0213","Good"
"berkeley-ca-usa-52090","FLS0214","Good"
"chico-ca-usa-52490","FLS0215","Good"
"eureka-ca-usa-52590","FLS0216","Poor"
"eugene-or-usa-52690","FLS0217","Good"
"bellingham-wa-usa-53090","FLS0218","Very Good"
"portland-or-usa-53190","FLS0219","Good"
"seattle-wa-usa-60190","FLS0220","Good"
"olympia-wa-usa-60290","FLS0221","Good"
"missoula-mt-usa-60490","FLS0222","Excellent"
"salt-lake-city-ut-usa-60690","FLS0223","Very Good"
"denver-co-usa-60890","FLS0224","Good"
"omaha-ne-usa-61090","FLS0225","Good"
"lawrence-ks-usa-61190","FLS0226","Good"
"fayetteville-ar-usa-61290","FLS0227","Good"
"st-louis-mo-usa-61390","FLS0228","Good"
"chicago-il-usa-61490","FLS0229","Good"
"waukesha-wi-usa-61590","FLS0230","Poor"
"minneapolis-mn-usa-61690","FLS0231","Good"
"green-bay-wi-usa-61890","FLS0232","Poor"
"madison-wi-usa-61990","FLS0233","Good"
"flint-mi-usa-62190","FLS0234","Good"
"detroit-mi-usa-62290","FLS0235","Poor"
"ann-arbor-mi-usa-62390","FLS0236","Poor"
"kalamazoo-mi-usa-62490","FLS0237","Good"
"toledo-oh-usa-62590","FLS0238","Good"
"louisville-ky-usa-62690","FLS0239","Good"
"dayton-oh-usa-62790","FLS0240","Poor"
"akron-oh-usa-62890","FLS0241","Good"
"pittsburgh-pa-usa-62990","FLS0242","Good"
"morgantown-wv-usa-63090","FLS0243","Good"
"washington-dc-usa-70690","FLS0244","Good"
"hoorn-netherlands-90190","FLS0245","Good"
"groningen-netherlands-90390","FLS0246","Poor"
"amsterdam-netherlands-90490","FLS0247","Very Good"
"eindhoven-netherlands-90590","FLS0248","Good"
"enschede-netherlands-90690","FLS0249","Good"
"rotterdam-netherlands-90790","FLS0250","Good"
"wageningen-netherlands-90890","FLS0251","Very Good"
"bristol-england-91090","FLS0252","Good"
"liverpool-england-91190","FLS0253","Good"
"leeds-england-91290","FLS0254","Good"
"nottingham-england-91390","FLS0255","Good"
"newcastle-england-91490","FLS0256","Good"
"belfast-northern-ireland-91690","FLS0258","Very Good"
"dublin-ireland-91790","FLS0259","Good"
"birmingham-england-91890","FLS0260","Very Good"
"london-england-91990","FLS0261","Very Good"
"herne-bay-england-92090","FLS0262","Good"
"geel-belgium-92290","FLS0263","Very Good"
"aalst-belgium-92390","FLS0264","Good"
"bremen-germany-92590","FLS0265","Good"
"hamburg-germany-92690","FLS0266","Good"
"copenhagen-denmark-92790","FLS0267","Good"
"oslo-norway-92890","FLS0268","Good"
"tromso-norway-92990","FLS0269","Good"
"trondheim-norway-93090","FLS0270","Good"
"gavle-sweden-100190","FLS0271","Good"
"linkoping-sweden-100290","FLS0272","Very Good"
"pila-poland-100490","FLS0273","Good"
"warsaw-poland-100590","FLS0274","Poor"
"zgorzelec-poland-100690","FLS0275","Good"
"berlin-germany-100790","FLS0276","Good"
"bielefeld-germany-100890","FLS0277","Very Good"
"hannover-germany-100990","FLS0278","Very Good"
"oberhausen-germany-101090","FLS0279","Good"
"wurzburg-germany-101190","FLS0280","Very Good"
"mainz-germany-101290","FLS0281","Very Good"
"stuttgart-germany-101390","FLS0282","Good"
"munich-germany-101490","FLS0283","Very Good"
"ulm-germany-101690","FLS0284","Good"
"zurich-switzerland-101790","FLS0285","Good"
"dornbirn-austria-101890","FLS0286","Very Good"
"wels-austria-101990","FLS0287","Very Good"
"vienna-austria-102090","FLS0288","Very Good"
"ljubljana-yugoslavia-102190","FLS0289","Very Good"
"zagreb-yugoslavia-102290","FLS0290","Very Good"
"udine-italy-102490","FLS0291","Very Good"
"milano-italy-102590","FLS0292","Very Good"
"bologna-italy-102690","FLS0293","Good"
"rome-italy-102790","FLS0294","Good"
"pisa-italy-102890","FLS0295","Very Good"
"torino-italy-102990","FLS0296","Good"
"lyon-france-103090","FLS0297","Good"
"barcelona-spain-110190","FLS0298","Very Good"
"bordeaux-france-110290","FLS0299","Good"
"poitiers-france-110390","FLS0300","Very Good"
"riec-sur-belon-france-110490","FLS0301","Good"
"paris-france-110590","FLS0302","Good"
"nancy-france-110690","FLS0303","Very Good"
"amsterdam-netherlands-110790","FLS0304","Very Good"
"lorton-va-usa-122690","FLS0305","Very Good"
"washington-dc-usa-10291","FLS0306","Good"
"washington-dc-usa-10391","FLS0307","Good"
"washington-dc-usa-11291","FLS0308","Good"
"washington-dc-usa-21591","FLS0309","Very Good"
"richmond-va-usa-22091","FLS0310","Very Good"
"philadelphia-pa-usa-30291","FLS0311","Good"
"lancaster-pa-usa-30391","FLS0312","Very Good"
"new-york-ny-usa-30491","FLS0313","Very Good"
"new-york-ny-usa-30591","FLS0314","Good"
"hoboken-nj-usa-30691","FLS0315","Very Good"
"storrs-ct-usa-30791","FLS0316","Good"
"amherst-ma-usa-30991","FLS0317","Very Good"
"latham-ny-usa-31091","FLS0318","Poor"
"buffalo-ny-usa-31191","FLS0319","Good"
"syracuse-ny-usa-31291","FLS0320","Good"
"burlington-vt-usa-31491","FLS0321","Good"
"portland-me-usa-31591","FLS0322","Good"
"worcester-ma-usa-31691","FLS0323","Very Good"
"boston-ma-usa-31791","FLS0324","Good"
"providence-ri-usa-31891","FLS0325","Good"
"trenton-nj-usa-31991","FLS0326","Good"
"washington-dc-usa-41291","FLS0327","Good"
"new-york-ny-usa-42091","FLS0328","Very Good"
"virginia-beach-va-usa-50191","FLS0329","Good"
"greensboro-nc-usa-50291","FLS0330","Good"
"chapel-hill-nc-usa-50391","FLS0331","Good"
"charlotte-nc-usa-50491","FLS0332","Good"
"knoxville-tn-usa-50591","FLS0333","Good"
"nashville-tn-usa-50791","FLS0334","Good"
"huntsville-al-usa-50891","FLS0335","Poor"
"columbia-sc-usa-51091","FLS0336","Good"
"athens-ga-usa-51191","FLS0337","Good"
"atlanta-ga-usa-51291","FLS0338","Good"
"savannah-ga-usa-51391","FLS0339","Good"
"jacksonville-fl-usa-51491","FLS0340","Good"
"tampa-fl-usa-51591","FLS0341","Very Good"
"miami-fl-usa-51691","FLS0342","Good"
"orlando-fl-usa-51791","FLS0343","Good"
"gainesville-fl-usa-51891","FLS0344","Good"
"pensacola-fl-usa-52091","FLS0345","Poor"
"birmingham-al-usa-52191","FLS0346","Good"
"memphis-tn-usa-52291","FLS0347","Good"
"little-rock-ar-usa-52391","FLS0348","Poor"
"dallas-tx-usa-52491","FLS0349","Good"
"austin-tx-usa-52591","FLS0350","Very Good"
"houston-tx-usa-52691","FLS0351","Good"
"edmond-ok-usa-53091","FLS0352","Very Good"
"lawrence-ks-usa-53191","FLS0353","Good"
"fayetteville-ar-usa-60191","FLS0354","Poor"
"springfield-mo-usa-60291","FLS0355","Good"
"columbia-mo-usa-60391","FLS0356","Good"
"st-louis-mo-usa-60491","FLS0357","Good"
"champaign-il-usa-60691","FLS0358","Good"
"indianapolis-in-usa-60791","FLS0359","Good"
"louisville-ky-usa-60891","FLS0360","Good"
"lexington-ky-usa-60991","FLS0361","Poor"
"cincinnati-oh-usa-61091","FLS0362","Good"
"dayton-oh-usa-61191","FLS0363","Good"
"columbus-oh-usa-61291","FLS0364","Good"
"cleveland-oh-usa-61391","FLS0365","Very Good"
"pittsburgh-pa-usa-61491","FLS0366","Good"
"washington-dc-usa-61791","FLS0367","Good"
"washington-dc-usa-72891","FLS0368","Good"
"washington-dc-usa-72991","FLS0369","Very Good"
"montreal-qc-canada-80291","FLS0370","Good"
"ottawa-on-canada-80391","FLS0371","Good"
"toronto-on-canada-80491","FLS0372","Very Good"
"detroit-mi-usa-80591","FLS0373","Very Good"
"kalamazoo-mi-usa-80691","FLS0374","Very Good"
"chicago-il-usa-80891","FLS0375","Good"
"madison-wi-usa-80991","FLS0376","Good"
"milwaukee-wi-usa-81091","FLS0377","Very Good"
"green-bay-wi-usa-81191","FLS0378","Good"
"minneapolis-mn-usa-81291","FLS0379","Very Good"
"fargo-nd-usa-81391","FLS0380","Good"
"winnipeg-mb-canada-81491","FLS0381","Very Good"
"regina-sk-canada-81591","FLS0382","Good"
"calgary-ab-canada-81791","FLS0383","Very Good"
"vancouver-bc-canada-81991","FLS0384","Very Good"
"olympia-wa-usa-82591","FLS0385","Good"
"seattle-wa-usa-82691","FLS0386","Very Good"
"portland-or-usa-82791","FLS0387","Very Good"
"petaluma-ca-usa-83091","FLS0388","Good"
"oakland-ca-usa-83191","FLS0389","Good"
"berkeley-ca-usa-90191","FLS0390","Very Good"
"sacramento-ca-usa-90391","FLS0391","Very Good"
"isla-vista-ca-usa-90591","FLS0393","Very Good"
"jawbone-canyon-ca-usa-90691","FLS0394","Good"
"los-angeles-ca-usa-90891","FLS0395","Good"
"phoenix-az-usa-90991","FLS0396","Very Good"
"albuquerque-nm-usa-91191","FLS0397","Good"
"denver-co-usa-91391","FLS0398","Very Good"
"lincoln-ne-usa-91491","FLS0399","Very Good"
"geelong-vic-australia-101791","FLS0400","Very Good"
"melbourne-vic-australia-101891","FLS0401","Very Good"
"croydon-vic-australia-101991","FLS0402","Very Good"
"melbourne-vic-australia-102091","FLS0403","Very Good"
"adelaide-sa-australia-102291","FLS0404","Good"
"canberra-nsw-australia-102391","FLS0405","Very Good"
"sydney-nsw-australia-102591","FLS0406","Good"
"sydney-nsw-australia-102791","FLS0408","Very Good"
"gold-coast-qld-australia-110191","FLS0409","Very Good"
"brisbane-qld-australia-110291","FLS0410","Good"
"byron-bay-nsw-australia-110391","FLS0411","Good"
"auckland-new-zealand-110891","FLS0412","Good"
"tokyo-japan-111191","FLS0413","Very Good"
"tokyo-japan-111291","FLS0414","Good"
"osaka-japan-111491","FLS0415","Very Good"
"honolulu-hi-usa-111891","FLS0416","Very Good"
"washington-dc-usa-120891","FLS0417","Good"
"los-angeles-ca-usa-12492","FLS0418","Good"
"los-angeles-ca-usa-12592","FLS0419","Good"
"washington-dc-usa-30692","FLS0420","Very Good"
"washington-dc-usa-40392","FLS0421","Very Good"
"washington-dc-usa-40492","FLS0422","Good"
"philadelphia-pa-usa-40692","FLS0423","Very Good"
"hoboken-nj-usa-40792","FLS0424","Good"
"latham-ny-usa-40992","FLS0426","Good"
"bennington-vt-usa-41092","FLS0427","Good"
"worcester-ma-usa-41192","FLS0428","Good"
"portland-me-usa-41292","FLS0429","Very Good"
"new-haven-ct-usa-41392","FLS0430","Good"
"amsterdam-netherlands-50192","FLS0432","Good"
"whitstable-england-50492","FLS0433","Very Good"
"portsmouth-england-50592","FLS0434","Good"
"norwich-england-50792","FLS0436","Excellent"
"nottingham-england-50892","FLS0437","Very Good"
"london-england-50992","FLS0438","Excellent"
"dublin-ireland-51192","FLS0439","Very Good"
"belfast-northern-ireland-51292","FLS0440","Very Good"
"manchester-england-51492","FLS0441","Very Good"
"newcastle-england-51592","FLS0442","Very Good"
"glasgow-scotland-51692","FLS0443","Very Good"
"bradford-england-51792","FLS0444","Good"
"groningen-netherlands-52092","FLS0445","Very Good"
"den-bosch-netherlands-52192","FLS0446","Very Good"
"tongeren-belgium-52292","FLS0447","Good"
"venlo-netherlands-52392","FLS0448","Poor"
"den-haag-netherlands-52492","FLS0449","Good"
"diksmuide-belgium-52692","FLS0450","Good"
"paris-france-52792","FLS0451","Very Good"
"poitiers-france-52892","FLS0452","Very Good"
"bordeaux-france-52992","FLS0453","Very Good"
"toulouse-france-53092","FLS0454","Good"
"barcelona-spain-53192","FLS0455","Very Good"
"madrid-spain-60292","FLS0456","Very Good"
"zaragoza-spain-60392","FLS0457","Very Good"
"torino-italy-60592","FLS0458","Very Good"
"pisa-italy-60692","FLS0459","Good"
"rome-italy-60792","FLS0460","Very Good"
"modena-italy-60892","FLS0461","Very Good"
"padova-italy-60992","FLS0462","Good"
"ljubljana-slovenia-61092","FLS0463","Good"
"budapest-hungary-61192","FLS0464","Good"
"prague-czechoslovakia-61392","FLS0465","Very Good"
"vienna-austria-61492","FLS0466","Very Good"
"wels-austria-61592","FLS0467","Very Good"
"munich-germany-61692","FLS0468","Very Good"
"hohenems-austria-61792","FLS0469","Good"
"zurich-switzerland-61892","FLS0470","Very Good"
"frankfurt-germany-61992","FLS0471","Good"
"ulm-germany-62092","FLS0472","Good"
"nuremberg-germany-62292","FLS0473","Good"
"neuhausen-auf-den-fildern-germany-62392","FLS0474","Good"
"v-schwenningen-germany-62492","FLS0475","Good"
"hannover-germany-62592","FLS0476","Good"
"poznan-poland-62692","FLS0477","Good"
"berlin-germany-62892","FLS0478","Very Good"
"osnabruck-germany-62992","FLS0479","Good"
"dortmund-germany-63092","FLS0480","Very Good"
"koln-germany-70192","FLS0481","Good"
"hamburg-germany-70292","FLS0482","Good"
"bremen-germany-70392","FLS0483","Very Good"
"copenhagen-denmark-70492","FLS0484","Good"
"oslo-norway-70692","FLS0485","Good"
"gavle-sweden-70892","FLS0486","Good"
"nijmegen-netherlands-71192","FLS0487","Good"
"washington-dc-usa-72592","FLS0488","Good"
"washington-dc-usa-102392","FLS0489","Good"
"baltimore-md-usa-102592","FLS0490","Good"
"virginia-beach-va-usa-20493","FLS0491","Very Good"
"chapel-hill-nc-usa-20593","FLS0492","Very Good"
"wilmington-nc-usa-20693","FLS0493","Very Good"
"columbia-sc-usa-20793","FLS0494","Good"
"charlotte-nc-usa-20893","FLS0495","Poor"
"atlanta-ga-usa-20993","FLS0496","Good"
"atlanta-ga-usa-21093","FLS0497","Good"
"savannah-ga-usa-21193","FLS0498","Good"
"jacksonville-fl-usa-21293","FLS0499","Very Good"
"orlando-fl-usa-21393","FLS0500","Very Good"
"fort-lauderdale-fl-usa-21493","FLS0501","Very Good"
"tampa-fl-usa-21693","FLS0502","Good"
"gainesville-fl-usa-21793","FLS0503","Very Good"
"athens-ga-usa-21893","FLS0504","Very Good"
"athens-ga-usa-21993","FLS0505","Very Good"
"greensboro-nc-usa-22093","FLS0506","Very Good"
"richmond-va-usa-22193","FLS0507","Very Good"
"washington-dc-usa-32193","FLS0508","Poor"
"college-park-md-usa-40293","FLS0509","Very Good"
"charlottesville-va-usa-40493","FLS0510","Good"
"knoxville-tn-usa-40593","FLS0511","Good"
"nashville-tn-usa-40693","FLS0512","Very Good"
"memphis-tn-usa-40793","FLS0513","Very Good"
"jackson-ms-usa-40893","FLS0514","Good"
"new-orleans-la-usa-40993","FLS0515","Very Good"
"houston-tx-usa-41093","FLS0516","Good"
"bryan-tx-usa-41193","FLS0517","Very Good"
"austin-tx-usa-41293","FLS0518","Good"
"austin-tx-usa-41393","FLS0519","Good"
"san-antonio-tx-usa-41493","FLS0520","Very Good"
"dallas-tx-usa-41693","FLS0521","Good"
"norman-ok-usa-41793","FLS0522","Very Good"
"lubbock-tx-usa-41893","FLS0523","Very Good"
"el-paso-tx-usa-41993","FLS0524","Good"
"tucson-az-usa-42093","FLS0525","Very Good"
"las-vegas-nv-usa-42293","FLS0526","Good"
"los-angeles-ca-usa-42393","FLS0527","Good"
"los-angeles-ca-usa-42493","FLS0528","Very Good"
"los-angeles-ca-usa-42593","FLS0529","Very Good"
"san-diego-ca-usa-42693","FLS0530","Very Good"
"santa-barbara-ca-usa-42793","FLS0531","Good"
"watsonville-ca-usa-42893","FLS0532","Good"
"berkeley-ca-usa-43093","FLS0533","Good"
"san-franscisco-ca-usa-50193","FLS0534","Very Good"
"sacramento-ca-usa-50293","FLS0535","Good"
"eugene-or-usa-50493","FLS0536","Poor"
"vancouver-bc-canada-50793","FLS0539","Very Good"
"olympia-wa-usa-50893","FLS0540","Very Good"
"bellevue-wa-usa-50993","FLS0541","Very Good"
"kennewick-wa-usa-51493","FLS0542","Good"
"boise-id-usa-51593","FLS0543","Good"
"salt-lake-city-ut-usa-51693","FLS0544","Very Good"
"denver-co-usa-51893","FLS0545","Very Good"
"laramie-wy-usa-51993","FLS0546","Poor"
"omaha-ne-usa-52193","FLS0547","Very Good"
"des-moines-ia-usa-52293","FLS0548","Good"
"minneapolis-mn-usa-52393","FLS0549","Very Good"
"minneapolis-mn-usa-52493","FLS0550","Very Good"
"minneapolis-mn-usa-52593","FLS0551","Very Good"
"green-bay-wi-usa-52693","FLS0552","Very Good"
"chicago-il-usa-52893","FLS0553","Very Good"
"chicago-il-usa-52993","FLS0554","Very Good"
"columbus-oh-usa-53193","FLS0556","Very Good"
"washington-dc-usa-80793","FLS0558","Very Good"
"washington-dc-usa-80993","FLS0559","Very Good"
"hoboken-nj-usa-81693","FLS0560","Very Good"
"trenton-nj-usa-81793","FLS0561","Very Good"
"trenton-nj-usa-81893","FLS0562","Very Good"
"mechanicsburg-pa-usa-81993","FLS0563","Very Good"
"pittsburgh-pa-usa-82093","FLS0564","Good"
"dayton-oh-usa-82193","FLS0565","Very Good"
"cincinnati-oh-usa-82293","FLS0566","Very Good"
"carbondale-il-usa-82493","FLS0567","Very Good"
"st-louis-mo-usa-82693","FLS0569","Very Good"
"columbia-mo-usa-82793","FLS0570","Very Good"
"kansas-city-ks-usa-82893","FLS0571","Very Good"
"iowa-city-ia-usa-82993","FLS0572","Good"
"normal-il-usa-90193","FLS0573","Very Good"
"milwaukee-wi-usa-90293","FLS0574","Very Good"
"chicago-il-usa-90393","FLS0575","Good"
"pontiac-mi-usa-90493","FLS0576","Very Good"
"cleveland-oh-usa-90593","FLS0577","Good"
"buffalo-ny-usa-90693","FLS0578","Very Good"
"guelph-ont-canada-90893","FLS0579","Good"
"toronto-ont-canada-90993","FLS0580","Good"
"toronto-ont-canada-91093","FLS0581","Very Good"
"ottawa-ont-canada-91193","FLS0582","Very Good"
"montreal-qc-canada-91293","FLS0583","Very Good"
"burlington-vt-usa-91393","FLS0584","Good"
"portland-me-usa-91493","FLS0585","Good"
"bennington-vt-usa-91693","FLS0586","Very Good"
"fitchburg-ma-usa-91793","FLS0587","Good"
"storrs-ct-usa-91893","FLS0588","Very Good"
"providence-ri-usa-91993","FLS0589","Excellent"
"albany-ny-usa-92093","FLS0590","Very Good"
"syracuse-ny-usa-92193","FLS0591","Very Good"
"binghamton-ny-usa-92293","FLS0592","Very Good"
"new-york-city-ny-usa-92493","FLS0593","Very Good"
"new-york-city-ny-usa-92593","FLS0594","Very Good"
"philadelphia-pa-usa-92793","FLS0596","Very Good"
"philadelphia-pa-usa-92893","FLS0597","Very Good"
"rehoboth-beach-de-usa-92993","FLS0598","Very Good"
"osaka-japan-103193","FLS0599","Good"
"kyoto-japan-110193","FLS0600","Very Good"
"nagoya-japan-110393","FLS0601","Very Good"
"tokyo-japan-110593","FLS0602","Very Good"
"tokyo-japan-110693","FLS0603","Very Good"
"singapore-singapore-110893","FLS0604","Good"
"adelaide-australia-111193","FLS0606","Good"
"croydon-vic-australia-111293","FLS0607","Good"
"melbourne-vic-australia-111393","FLS0608","Good"
"melbourne-vic-australia-111493","FLS0609","Good"
"canberra-australia-111793","FLS0610","Very Good"
"wollongong-australia-111893","FLS0611","Good"
"manly-australia-111993","FLS0612","Good"
"sydney-australia-112093","FLS0613","Good"
"newcastle-australia-112493","FLS0614","Very Good"
"lismore-australia-112693","FLS0615","Very Good"
"brisbane-qld-australia-112793","FLS0616","Good"
"sydney-nsw-australia-120193","FLS0617","Good"
"hobart-tas-australia-120393","FLS0618","Very Good"
"launceston-tas-australia-120493","FLS0619","Very Good"
"christchurch-new-zealand-120893","FLS0620","Very Good"
"dunedin-new-zealand-120993","FLS0621","Very Good"
"wellington-new-zealand-121093","FLS0622","Very Good"
"auckland-new-zealand-121193","FLS0623","Excellent"
"auckland-new-zealand-121293","FLS0624","Excellent"
"honolulu-hi-usa-121493","FLS0625","Good"
"washington-dc-usa-80494","FLS0627","Good"
"belo-horizonte-brazil-81594","FLS0628",NA
"rio-de-janeiro-brazil-81894","FLS0629","Good"
"itaborai-brazil-81994","FLS0630",NA
"sao-paulo-brazil-82094","FLS0631","Good"
"sao-paulo-brazil-82194","FLS0632","Good"
"curitiba-brazil-82594","FLS0633","Very Good"
"curitiba-brazil-82694","FLS0635","Very Good"
"curitiba-brazil-82794","FLS0636","Good"
"silver-spring-md-usa-112094","FLS0637","Very Good"
"washington-dc-usa-112794","FLS0638","Very Good"
"washington-dc-usa-112994","FLS0639","Very Good"
"baltimore-md-usa-30295","FLS0640","Very Good"
"philadelphia-pa-usa-40195","FLS0641","Excellent"
"philadelphia-pa-usa-40295","FLS0642","Very Good"
"new-york-city-ny-usa-40395","FLS0643","Very Good"
"new-york-city-ny-usa-40495","FLS0644","Good"
"new-york-city-ny-usa-40595","FLS0645","Very Good"
"poughkeepsie-ny-usa-40695","FLS0646","Very Good"
"hartford-ct-usa-40795","FLS0647","Very Good"
"portland-me-usa-40895","FLS0648","Very Good"
"burlington-vt-usa-40995","FLS0649","Good"
"providence-ri-usa-41195","FLS0650","Very Good"
"providence-ri-usa-41295","FLS0651","Very Good"
"hoboken-nj-usa-41395","FLS0652","Good"
"newark-de-usa-41495","FLS0653","Poor"
"eindhoven-netherlands-50495","FLS0655","Excellent"
"brighton-england-50695","FLS0656","Poor"
"manchester-england-50795","FLS0657","Good"
"glasgow-scotland-50895","FLS0658","Poor"
"belfast-northern-ireland-50995","FLS0659","Good"
"dublin-ireland-51095","FLS0660","Good"
"nottingham-england-51295","FLS0661","Very Good"
"london-england-51395","FLS0662","Very Good"
"wolverhampton-england-51495","FLS0663","Very Good"
"leeds-england-51595","FLS0664","Very Good"
"amsterdam-netherlands-51795","FLS0665","Very Good"
"leuven-belgium-51895","FLS0666","Good"
"gent-belgium-51995","FLS0667","Very Good"
"arras-france-52095","FLS0668","Good"
"nancy-france-52195","FLS0669","Very Good"
"paris-france-52295","FLS0670","Good"
"poitiers-france-52495","FLS0671","Very Good"
"angers-france-52595","FLS0672","Very Good"
"bordeaux-france-52695","FLS0673","Very Good"
"lakuntza-spainbasque-52795","FLS0674","Good"
"oviedo-spain-52895","FLS0675","Poor"
"santiago-de-compostela-spain-52995","FLS0676","Very Good"
"lisbon-portugal-53195","FLS0677","Very Good"
"madrid-spain-60295","FLS0678","Very Good"
"barcelona-spain-60395","FLS0679","Very Good"
"valencia-spain-60495","FLS0680","Good"
"toulouse-france-60695","FLS0681","Good"
"lyon-france-60895","FLS0683","Very Good"
"kingersheim-france-61095","FLS0685","Good"
"milan-italy-61295","FLS0686","Very Good"
"padova-italy-61395","FLS0687","Very Good"
"florence-italy-61495","FLS0688","Very Good"
"torino-italy-61595","FLS0689","Very Good"
"bologna-italy-61695","FLS0690","Good"
"gavoi-sardinia-italy-61795","FLS0691","Very Good"
"catania-sicily-italy-61895","FLS0692","Very Good"
"rome-italy-62095","FLS0693","Very Good"
"verona-italy-62195","FLS0694","Good"
"gde-spilimbergo-italy-62295","FLS0695","Good"
"ljubljana-slovenia-62395","FLS0696","Good"
"vienna-austria-62495","FLS0697","Poor"
"wels-austria-62595","FLS0698","Very Good"
"munich-germany-62695","FLS0699","Very Good"
"ulm-germany-62795","FLS0700","Good"
"prague-czech-republic-62995","FLS0701","Very Good"
"stuttgart-germany-63095","FLS0702","Very Good"
"mainz-germany-70195","FLS0703","Good"
"berlin-germany-70295","FLS0704","Very Good"
"dortmund-germany-70395","FLS0705","Poor"
"hamburg-germany-70495","FLS0706","Very Good"
"nijmegen-netherlands-70595","FLS0707","Very Good"
"groningen-netherlands-70795","FLS0708","Very Good"
"bielefeld-germany-70895","FLS0709","Good"
"bremen-germany-70995","FLS0710","Good"
"copenhagen-denmark-71095","FLS0711","Excellent"
"tampere-finland-71295","FLS0712","Very Good"
"oslo-norway-71495","FLS0713","Very Good"
"washington-dc-usa-91695","FLS0714","Poor"
"lindenhurst-ny-usa-92195","FLS0715","Very Good"
"northampton-ma-usa-92295","FLS0716","Good"
"montreal-qc-canada-92395","FLS0717","Good"
"quebec-city-qc-canada-92495","FLS0718","Good"
"ottawa-on-canada-92695","FLS0719","Very Good"
"toronto-on-canada-92795","FLS0720","Good"
"rochester-ny-usa-92895","FLS0721","Good"
"pittsburgh-pa-usa-92995","FLS0722","Very Good"
"detroit-mi-usa-100195","FLS0723","Good"
"cleveland-oh-usa-100295","FLS0724","Very Good"
"columbus-oh-usa-100395","FLS0725","Good"
"dayton-oh-usa-100495","FLS0726","Good"
"cincinnati-oh-usa-100595","FLS0727","Very Good"
"indianapolis-in-usa-100695","FLS0728","Good"
"louisville-ky-usa-100795","FLS0729","Excellent"
"st-louis-mo-usa-100895","FLS0730","Very Good"
"peoria-il-usa-100995","FLS0731","Very Good"
"chicago-il-usa-101095","FLS0732","Very Good"
"green-bay-wi-usa-101295","FLS0733","Very Good"
"milwaukee-wi-usa-101395","FLS0734","Good"
"minneapolis-mn-usa-101495","FLS0735","Very Good"
"minneapolis-mn-usa-101595","FLS0736","Very Good"
"ames-ia-usa-101795","FLS0737","Good"
"lincoln-ne-usa-101895","FLS0738","Very Good"
"sioux-falls-sd-usa-101995","FLS0739","Good"
"rapid-city-sd-usa-102095","FLS0740","Poor"
"denver-co-usa-102295","FLS0741","Good"
"salt-lake-city-ut-usa-102495","FLS0742","Good"
"boise-id-usa-102595","FLS0743","Very Good"
"yakima-wa-usa-102695","FLS0744","Very Good"
"seattle-wa-usa-102795","FLS0745","Very Good"
"olympia-wa-usa-102995","FLS0746","Very Good"
"portland-or-usa-110295","FLS0748","Very Good"
"sacramento-ca-usa-110495","FLS0749","Good"
"san-francisco-ca-usa-110595","FLS0750","Very Good"
"san-francisco-ca-usa-110695","FLS0751","Very Good"
"bakersfield-ca-usa-110795","FLS0752","Very Good"
"los-angeles-ca-usa-110895","FLS0753","Good"
"los-angeles-ca-usa-110995","FLS0754","Very Good"
"san-diego-ca-usa-111095","FLS0755","Very Good"
"phoenix-az-usa-111195","FLS0756","Very Good"
"albuquerque-nm-usa-111395","FLS0757","Very Good"
"el-paso-tx-usa-111495","FLS0758","Good"
"austin-tx-usa-111695","FLS0759","Very Good"
"austin-tx-usa-111795","FLS0760","Very Good"
"san-antonio-tx-usa-111895","FLS0761","Very Good"
"dallas-tx-usa-111995","FLS0762","Good"
"oklahoma-city-ok-usa-112095","FLS0763","Very Good"
"washington-dc-usa-13096","FLS0764","Very Good"
"washington-dc-usa-13196","FLS0765","Excellent"
"norfolk-va-usa-31996","FLS0766","Very Good"
"wilmington-nc-usa-32096","FLS0767","Very Good"
"winston-salem-nc-usa-32196","FLS0768","Good"
"charlotte-nc-usa-32396","FLS0770","Very Good"
"columbia-sc-usa-32496","FLS0771","Very Good"
"athens-ga-usa-32696","FLS0772","Very Good"
"huntsville-al-usa-32796","FLS0773","Very Good"
"atlanta-ga-usa-32896","FLS0774","Very Good"
"atlanta-ga-usa-32996","FLS0775","Very Good"
"savannah-ga-usa-33096","FLS0776","Very Good"
"jacksonville-fl-usa-33196","FLS0777","Good"
"orlando-fl-usa-40196","FLS0778","Good"
"fort-lauderdale-fl-usa-40296","FLS0779","Very Good"
"tampa-fl-usa-40396","FLS0780","Good"
"new-orleans-la-usa-40596","FLS0781","Very Good"
"lafayette-la-usa-40796","FLS0782","Poor"
"houston-tx-usa-40896","FLS0783","Very Good"
"oxford-ms-usa-41096","FLS0784","Good"
"nashville-tn-usa-41196","FLS0785","Very Good"
"knoxville-tn-usa-41296","FLS0786","Very Good"
"roanoke-va-usa-41396","FLS0787","Very Good"
"richmond-va-usa-41496","FLS0788","Very Good"
"washington-dc-usa-41996","FLS0789","Very Good"
"washington-dc-081596","FLS1051","Poor"
"washington-dc-usa-92996","FLS0790","Very Good"
"honolulu-hi-usa-101696","FLS0791","Very Good"
"maui-hi-usa-101896","FLS0793","Very Good"
"fukuoka-japan-102196","FLS0794","Very Good"
"okayama-japan-102296","FLS0795","Excellent"
"osaka-japan-102396","FLS0796","Very Good"
"nagoya-japan-102596","FLS0797","Very Good"
"tokyo-japan-102696","FLS0798","Very Good"
"tokyo-japan-102796","FLS0799","Very Good"
"tokyo-japan-102896","FLS0800","Excellent"
"sapporo-japan-103096","FLS0801","Very Good"
"sapporo-japan-103196","FLS0802","Very Good"
"hong-kong-hong-kong-110296","FLS0803","Very Good"
"kuala-lumpur-malaysia-110696","FLS0805","Very Good"
"singapore-singapore-110896","FLS0806","Good"
"perth-australia-111096","FLS0807","Very Good"
"adelaide-australia-111296","FLS0808","Very Good"
"sydney-nsw-australia-111596","FLS0810","Excellent"
"newcastle-australia-111696","FLS0811","Very Good"
"sydney-australia-111796","FLS1052","Very Good"
"new-york-city-ny-usa-50297","FLS0814","Very Good"
"philadelphia-pa-usa-50397","FLS0815","Good"
"durham-nh-usa-50497","FLS0816","Very Good"
"clinton-ma-usa-50597","FLS0817","Good"
"providence-ri-usa-50697","FLS0818","Very Good"
"canberra-australia-61397","FLS0819","Very Good"
"sydney-australia-61497","FLS0820","Good"
"sydney-australia-61597","FLS0821","Poor"
"melbourne-australia-61797","FLS0822","Very Good"
"melbourne-australia-61897","FLS0823","Excellent"
"ballarat-australia-61997","FLS0824","Very Good"
"geelong-australia-62097","FLS0825","Very Good"
"brisbane-australia-62197","FLS0826","Very Good"
"lismore-australia-62397","FLS0827","Good"
"darwin-australia-62597","FLS0828","Very Good"
"auckland-new-zealand-62797","FLS0829","Good"
"wellington-new-zealand-62897","FLS0830","Very Good"
"nelson-new-zealand-62997","FLS0831","Very Good"
"dunedin-new-zealand-70197","FLS0832","Very Good"
"christchurch-new-zealand-70297","FLS0833","Poor"
"piracicaba-brazil-80597","FLS0834","Poor"
"sao-paulo-brazil-80697","FLS0835","Very Good"
"vitoria-brazil-80797","FLS0836","Very Good"
"brasilia-brazil-80997","FLS0837","Good"
"brasilia-brazil-81097","FLS0838","Very Good"
"curitiba-brazil-81497","FLS0840","Good"
"joinville-brazil-81597","FLS0841","Very Good"
"belo-horizonte-brazil-81697","FLS0842","Very Good"
"campinas-brazil-81997","FLS0843","Poor"
"santos-brazil-82097","FLS0844","Excellent"
"washington-dc-usa-82997","FLS0847","Very Good"
"washington-dc-usa-90397","FLS0848","Very Good"
"hagerstown-md-usa-50198","FLS0849","Excellent"
"pittsburgh-pa-usa-50298","FLS0850","Very Good"
"columbus-oh-usa-50398","FLS0851","Very Good"
"kent-oh-usa-50498","FLS0852","Good"
"cleveland-oh-usa-50598","FLS0853","Very Good"
"cincinnati-oh-usa-50698","FLS0854","Good"
"chicago-il-usa-50798","FLS0855","Good"
"chicago-il-usa-50898","FLS0856","Poor"
"detroit-mi-usa-50998","FLS0857","Very Good"
"richmond-va-usa-51198","FLS0858","Very Good"
"baltimore-md-usa-51298","FLS0859","Poor"
"poughkeepsie-ny-usa-71698","FLS0860","Good"
"syracuse-ny-usa-71798","FLS0861","Good"
"rochester-ny-usa-71898","FLS0862","Very Good"
"toronto-on-canada-71998","FLS0863","Very Good"
"ottawa-on-canada-72098","FLS0864","Very Good"
"montreal-qc-canada-72198","FLS0865","Very Good"
"quebec-city-qc-canada-72298","FLS0866","Poor"
"fredericton-nb-canada-72498","FLS0867","Very Good"
"halifax-ns-canada-72598","FLS0868","Very Good"
"portland-me-usa-72698","FLS0869","Good"
"hoboken-nj-usa-72798","FLS0870","Good"
"washington-dc-usa-73098","FLS0871","Poor"
"washington-dc-usa-73198","FLS0872","Poor"
"milwaukee-wi-usa-111398","FLS0873","Good"
"eau-claire-wi-usa-111498","FLS0874","Good"
"minneapolis-mn-usa-111598","FLS0875","Very Good"
"des-moines-ia-usa-111698","FLS0876","Very Good"
"omaha-ne-usa-111798","FLS0877","Very Good"
"olathe-ks-usa-111898","FLS0878","Very Good"
"oklahoma-city-ok-usa-111998","FLS0879","Good"
"houston-tx-usa-112198","FLS0880","Very Good"
"austin-tx-usa-112298","FLS0881","Very Good"
"dallas-tx-usa-112398","FLS0882","Very Good"
"conway-ar-usa-112498","FLS0883","Very Good"
"memphis-tn-usa-112598","FLS0884","Good"
"st-louis-mo-usa-112698","FLS0885","Good"
"louisville-ky-usa-112798","FLS0886","Good"
"charleston-wv-usa-112898","FLS0887","Very Good"
"morgantown-wv-usa-112998","FLS0888","Poor"
"washington-dc-usa-120398","FLS0889","Very Good"
"fairfax-va-usa-120498","FLS0890","Very Good"
"san-diego-ca-usa-21899","FLS0891","Very Good"
"ventura-ca-usa-21999","FLS0892","Very Good"
"watsonville-ca-usa-22099","FLS0893","Very Good"
"palo-alto-ca-usa-22199","FLS0894","Excellent"
"san-francisco-ca-usa-22299","FLS0895","Very Good"
"reno-nv-usa-22399","FLS0896","Good"
"sacramento-ca-usa-22499","FLS0897","Very Good"
"portland-or-usa-22699","FLS0898","Very Good"
"olympia-wa-usa-22799","FLS0899","Very Good"
"seattle-wa-usa-22899","FLS0900","Excellent"
"springfield-or-usa-30299","FLS0901","Good"
"chico-ca-usa-30399","FLS0902","Very Good"
"bakersfield-ca-usa-30499","FLS0903","Very Good"
"las-vegas-nv-usa-30599","FLS0904","Very Good"
"victorville-ca-usa-30699","FLS0905","Very Good"
"pomona-ca-usa-30799","FLS0906","Good"
"los-angeles-ca-usa-palace-3899","FLS1049","Excellent"
"los-angeles-ca-usa-30999","FLS0907","Excellent"
"los-angeles-ca-usa-31099","FLS0908","Excellent"
"reykjavik-iceland-42799","FLS0909","Excellent"
"leeds-england-42999","FLS0910","Good"
"wolverhampton-england-43099","FLS0911","Very Good"
"newcastle-england-50299","FLS0912","Very Good"
"edinburgh-scotland-50399","FLS0913","Good"
"aberdeen-scotland-50499","FLS0914","Very Good"
"glasgow-scotland-50599","FLS0915","Very Good"
"kilkenny-ireland-50799","FLS0916","Very Good"
"cork-ireland-50899","FLS0917","Very Good"
"dublin-ireland-50999","FLS0918","Very Good"
"newport-wales-51199","FLS0919","Very Good"
"nottingham-england-51399","FLS0921","Very Good"
"brighton-england-51499","FLS0922","Very Good"
"london-england-51599","FLS0923","Good"
"washington-dc-usa-82699","FLS0924","Excellent"
"amsterdam-netherlands-91699","FLS0925","Very Good"
"hamburg-germany-91899","FLS0926","Very Good"
"berlin-germany-92099","FLS0927","Very Good"
"wroclaw-poland-92199","FLS0928","Excellent"
"nuremberg-germany-92499","FLS0931","Very Good"
"munich-germany-92599","FLS0932","Very Good"
"vienna-austria-92699","FLS0933","Excellent"
"ljubljana-slovenia-92899","FLS0934","Good"
"rome-italy-93099","FLS0936","Very Good"
"florence-italy-100199","FLS0938","Excellent"
"milan-italy-100299","FLS0939","Very Good"
"zurich-switzerland-100599","FLS0941","Very Good"
"geneva-switzerland-100699","FLS0942","Very Good"
"marseille-france-100799","FLS0943","Very Good"
"barcelona-spain-100899","FLS0944","Very Good"
"bordeaux-france-101199","FLS0946","Very Good"
"nantes-france-101399","FLS0948","Very Good"
"paris-france-101499","FLS0949","Very Good"
"brussels-belgium-101599","FLS0950","Very Good"
"tilburg-netherlands-101699","FLS0951","Excellent"
"providence-ri-usa-120299","FLS0953","Excellent"
"new-york-city-ny-usa-120399","FLS0954","Very Good"
"washington-dc-usa-120599","FLS0956","Very Good"
"atlanta-ga-usa-121799","FLS0958","Very Good"
"athens-ga-usa-121899","FLS0959","Very Good"
"knoxville-tn-usa-121999","FLS0960","Very Good"
"nashville-tn-usa-122099","FLS0961","Very Good"
"raleigh-nc-usa-11200","FLS0962","Excellent"
"charlotte-nc-usa-11300","FLS0963","Very Good"
"gainesville-fl-usa-11500","FLS0965","Very Good"
"orlando-fl-usa-11600","FLS0966","Excellent"
"fort-lauderdale-fl-usa-11800","FLS0967","Very Good"
"tampa-fl-usa-11900","FLS0968","Very Good"
"tallahassee-fl-usa-12000","FLS0969","Very Good"
"umea-sweden-93000","FLS0973","Very Good"
"stockholm-sweden-100100","FLS0974","Very Good"
"oslo-norway-100200","FLS0975","Excellent"
"trondheim-norway-100300","FLS0976","Very Good"
"bergen-norway-100400","FLS0977","Excellent"
"copenhagen-denmark-100700","FLS0979","Excellent"
"lund-sweden-100800","FLS0980","Very Good"
"helsinki-finland-101000","FLS0981","Very Good"
"denver-co-usa-40501","FLS0982","Very Good"
"denver-co-usa-40601","FLS0983","Excellent"
"colorado-springs-co-usa-40701","FLS0984","Excellent"
"albuquerque-nm-usa-40801","FLS0985","Excellent"
"tucson-az-usa-41001","FLS0987","Excellent"
"phoenix-az-usa-41201","FLS0988","Very Good"
"laramie-wy-usa-41601","FLS0991","Excellent"
"lincoln-ne-usa-41701","FLS0992","Very Good"
"kansas-city-mo-usa-41801","FLS0993","Excellent"
"columbia-mo-usa-41901","FLS0994","Very Good"
"indianapolis-in-usa-42001","FLS0995","Very Good"
"pittsburgh-pa-usa-42101","FLS0996","Very Good"
"washington-dc-usa-42501","FLS0997","Excellent"
"washington-dc-usa-42701","FLS0998","Very Good"
"severna-park-md-usa-62101","FLS0999","Very Good"
"chicago-il-usa-62301","FLS1000","Very Good"
"chicago-il-usa-62401","FLS1001","Very Good"
"green-bay-wi-usa-62601","FLS1002","Very Good"
"minneapolis-mn-usa-62701","FLS1003","Very Good"
"fargo-nd-usa-62801","FLS1004","Very Good"
"winnipeg-mb-canada-62901","FLS1005","Very Good"
"regina-sk-canada-63001","FLS1006","Very Good"
"saskatoon-sk-canada-70101","FLS1007","Very Good"
"edmonton-ab-canada-70201","FLS1008","Very Good"
"calgary-ab-canada-70301","FLS1009","Very Good"
"kelowna-bc-canada-70501","FLS1010","Very Good"
"victoria-bc-canada-70601","FLS1011","Very Good"
"burnaby-bc-canada-70701","FLS1012","Excellent"
"washington-dc-usa-81301","FLS1013","Very Good"
"richmond-va-usa-32202","FLS1014","Very Good"
"raleigh-nc-usa-32302","FLS1015","Excellent"
"asheville-nc-usa-32402","FLS1016","Very Good"
"birmingham-al-usa-32502","FLS1017","Very Good"
"new-orleans-la-usa-32702","FLS1018","Very Good"
"houston-tx-usa-32802","FLS1019","Very Good"
"san-antonio-tx-usa-32902","FLS1020","Excellent"
"austin-tx-usa-33002","FLS1021","Very Good"
"austin-tx-usa-33102","FLS1022","Very Good"
"fort-worth-tx-usa-40102","FLS1023","Very Good"
"little-rock-ar-usa-40202","FLS1024","Very Good"
"louisville-ky-usa-40402","FLS1025","Very Good"
"huntington-wv-usa-40502","FLS1026","Very Good"
"harrisonburg-va-usa-40602","FLS1027","Very Good"
"holyoke-ma-usa-51802","FLS1028","Excellent"
"boston-ma-usa-51902","FLS1029","Very Good"
"boston-ma-usa-42002","FLS1030","Very Good"
"washington-dc-usa-70102","FLS1031","Very Good"
"brighton-england-102002","FLS1032","Very Good"
"exeter-england-102102","FLS1033","Very Good"
"birmingham-england-102202","FLS1034","Very Good"
"nottingham-england-102302","FLS1035","Very Good"
"limerick-ireland-102602","FLS1037","Good"
"derry-northern-ireland-102702","FLS1038","Very Good"
"glasgow-scotland-102902","FLS1039","Very Good"
"manchester-england-103002","FLS1040","Very Good"
"leeds-england-103102","FLS1041","Excellent"
"bristol-england-110102","FLS1042","Very Good"
"london-england-110402","FLS1045","Very Good"
