song,tempo_bpm
23 beats off,110
and the same,148.5
argument,102
arpeggiator,179
back to base,194
bad mouth,95.5
bed for the scraping,93.5
birthday pony,102.5
blueprint,102
break,132
break-in,212
brendan #1,132
bulldog front,140
burning,144
burning too,95
by you,66
cashout,112
cassavetes,105
caustic acrostic,170
closed captioned,138
combination lock,103
dear justice letter,129
do you like me,150
downed city,179
epic problem,179
exit only,157
ex-spectator,123
facet squared,148
fd,87
"fell, destroyed",116
five corporations,121
floating boy,115
foreman's dog,142
forensic scene,80
full disclosure,155
furniture,98
give me the cure,150
glueman,112
great cop,163
greed,143
guilford fall,143
hello morning,190
in defense of humans,91
instrument,60
joe #1,86
kyeo,206
last chance for a slow dance,116
latest disgrace,123
latin roots,154
life and limb,145
lockdown,146
long distance runner,129
long division,134
margin walker,153
merchandise,198
nice new outfit,165
nightshop,162
no surprise,78
number 5,176
oh,163
pink frosty,89
place position,149
polish,142
preprovisional,106
promises,130
provisional,152
public witness program,193
recap modotti,70
reclamation,137
rend it,120
repeater,136
reprovisional,145
returning the screw,110
runaway return,128
shut the door,132
sieve-fisted find,144
smallpox champion,174
song #1,108
stacks,149
steady diet,150
strangelight,103
styrofoam,185
suggestion,90
sweet and low,106
target,161
the kill,60
the word,97
turn off your guns,100
turnover,140
two beats off,89
version,48
waiting room,103
walken's syndrome,163
world beat,144
